id;origen;desti;codi;motiu;confianca;estat;font
1;/%f0%9f%92%b0-la-pasta-que-es-mou-cada-any-a-la-fontana-di-trevi-mes-que-un-monument-un-motor-economic/;/blog/la-pasta-que-es-mou-cada-any-a-la-fontana-di-trevi-mes-que-un-monument-un-motor-economic/;301;Entrada amb emoji a la URL (l'emoji s'elimina);mitjana;"REVISAR: el mapa diu que no es migra; la classificacio diu Mantenir";inventari
2;/2026/05/02/;/blog/;301;Arxiu automatic (categoria/etiqueta/autor/data/paginacio) -> llistat del blog (filtres per decidir);mitjana;lista;inventari
3;/2026/05/05/;/blog/;301;Arxiu automatic (categoria/etiqueta/autor/data/paginacio) -> llistat del blog (filtres per decidir);mitjana;lista;inventari
4;/2026/05/21/;/blog/;301;Arxiu automatic (categoria/etiqueta/autor/data/paginacio) -> llistat del blog (filtres per decidir);mitjana;lista;inventari
5;/2026/06/02/;/blog/;301;Arxiu automatic (categoria/etiqueta/autor/data/paginacio) -> llistat del blog (filtres per decidir);mitjana;lista;inventari
6;/adrenalina-port-aventura-world/;/blog/adrenalina-port-aventura-world/;301;Les entrades passen a penjar de /blog/;alta;lista;inventari
7;/afavorir-la-coneixenca-i-la-cohesio-del-grup-classe/;/blog/afavorir-la-coneixenca-i-la-cohesio-del-grup-classe/;301;Les entrades passen a penjar de /blog/;alta;lista;inventari
8;/any_escolar/;/any-escolar/;301;Slug renombrat o duplicat;alta;lista;inventari
9;/apps-de-transport-mou-te-per-europa/;/blog/apps-de-transport-mou-te-per-europa/;301;Les entrades passen a penjar de /blog/;alta;lista;inventari
10;/author/amoretginesta/;/blog/;301;Arxiu automatic (categoria/etiqueta/autor/data/paginacio) -> llistat del blog (filtres per decidir);mitjana;lista;inventari
11;/author/gonzalo/;/blog/;301;Arxiu automatic (categoria/etiqueta/autor/data/paginacio) -> llistat del blog (filtres per decidir);mitjana;lista;inventari
12;/avantatges-de-reservar-viatges-amb-antelacio/;/blog/avantatges-de-reservar-viatges-amb-antelacio/;301;Les entrades passen a penjar de /blog/;alta;lista;inventari
13;/avis_legal-2-2/;/avis-legal/;301;Slug renombrat o duplicat;alta;lista;inventari
14;/avis_legal/;/avis-legal/;301;Slug renombrat o duplicat;alta;lista;inventari
15;/blog/page/2/;/blog/;301;Arxiu automatic (categoria/etiqueta/autor/data/paginacio) -> llistat del blog (filtres per decidir);mitjana;lista;inventari
16;/blog/page/3/;/blog/;301;Arxiu automatic (categoria/etiqueta/autor/data/paginacio) -> llistat del blog (filtres per decidir);mitjana;lista;inventari
17;/blog/page/6/;/blog/;301;Arxiu automatic (categoria/etiqueta/autor/data/paginacio) -> llistat del blog (filtres per decidir);mitjana;lista;inventari
18;/category/consells-viatgers/;/blog/;301;Arxiu automatic (categoria/etiqueta/autor/data/paginacio) -> llistat del blog (filtres per decidir);mitjana;lista;inventari
19;/category/prepara-el-teu-viatge-escolar/;/blog/;301;Arxiu automatic (categoria/etiqueta/autor/data/paginacio) -> llistat del blog (filtres per decidir);mitjana;lista;inventari
20;/category/valua/;/blog/;301;Arxiu automatic (categoria/etiqueta/autor/data/paginacio) -> llistat del blog (filtres per decidir);mitjana;lista;inventari
21;/category/valua/sin-categorizar/;/blog/;301;Arxiu automatic (categoria/etiqueta/autor/data/paginacio) -> llistat del blog (filtres per decidir);mitjana;lista;inventari
22;/cookies/;/politica-de-cookies/;301;Slug renombrat o duplicat;alta;lista;inventari
23;/cusos/angles-general/;/cursos/angles-general/;301;Slug renombrat o duplicat;alta;lista;inventari
24;/d3cb055159436ae1a70c29cc840e6541/;;410;Pagina interna oculta;alta;lista;inventari
25;/deixem-les-pedres-tranquilles/;/blog/deixem-les-pedres-tranquilles/;301;Les entrades passen a penjar de /blog/;alta;lista;inventari
26;/documentacio-necessaria-viatjar-sense-nacionalitat-espanyola/;/blog/documentacio-necessaria-viatjar-sense-nacionalitat-espanyola/;301;Les entrades passen a penjar de /blog/;alta;lista;inventari
27;/documentacio-regne-unit/;/blog/documentacio-regne-unit/;301;Les entrades passen a penjar de /blog/;alta;lista;inventari
28;/endolls-del-mon/;/blog/endolls-del-mon/;301;Les entrades passen a penjar de /blog/;alta;lista;inventari
29;/equipatge-aerolinies/;/blog/equipatge-aerolinies/;301;Les entrades passen a penjar de /blog/;alta;lista;inventari
30;/es;/es/;301;Variant sense barra final;alta;lista;inventari
31;/es/2026/05/01/;/es/blog/;301;Arxiu automatic (categoria/etiqueta/autor/data/paginacio) -> llistat del blog (filtres per decidir);mitjana;lista;inventari
32;/es/2026/05/02/;/es/blog/;301;Arxiu automatic (categoria/etiqueta/autor/data/paginacio) -> llistat del blog (filtres per decidir);mitjana;lista;inventari
33;/es/2026/05/05/;/es/blog/;301;Arxiu automatic (categoria/etiqueta/autor/data/paginacio) -> llistat del blog (filtres per decidir);mitjana;lista;inventari
34;/es/ano_escolar/;/es/ano-escolar/;301;Slug renombrat o duplicat;alta;lista;inventari
35;/es/avis_legal-2-3/;/es/aviso-legal/;301;Slug renombrat o duplicat;alta;lista;inventari
36;/es/avis_legal/;/es/aviso-legal/;301;Slug renombrat o duplicat;alta;lista;inventari
37;/es/aviso_legal/;/es/aviso-legal/;301;Slug renombrat o duplicat;alta;lista;inventari
38;/es/blog/page/2/;/es/blog/;301;Arxiu automatic (categoria/etiqueta/autor/data/paginacio) -> llistat del blog (filtres per decidir);mitjana;lista;inventari
39;/es/category/consejos-viajeros/;/es/blog/;301;Arxiu automatic (categoria/etiqueta/autor/data/paginacio) -> llistat del blog (filtres per decidir);mitjana;lista;inventari
40;/es/category/prepara-tu-viaje/;/es/blog/;301;Arxiu automatic (categoria/etiqueta/autor/data/paginacio) -> llistat del blog (filtres per decidir);mitjana;lista;inventari
41;/es/category/sin-categorizar/;/es/blog/;301;Arxiu automatic (categoria/etiqueta/autor/data/paginacio) -> llistat del blog (filtres per decidir);mitjana;lista;inventari
42;/es/category/valua-es/;/es/blog/;301;Arxiu automatic (categoria/etiqueta/autor/data/paginacio) -> llistat del blog (filtres per decidir);mitjana;lista;inventari
43;/es/contacte/;/es/contacto/;301;Slug renombrat o duplicat;alta;lista;inventari
44;/es/cookies/;/es/politica-de-cookies/;301;Slug renombrat o duplicat;alta;lista;inventari
45;/es/cuando-organizar-un-viaje-escolar-no-se-convierte-en-una-carga-extra/;/es/blog/cuando-organizar-un-viaje-escolar-no-se-convierte-en-una-carga-extra/;301;Les entrades passen a penjar de /blog/;alta;lista;inventari
46;/es/el-significado-de-los-colores-que-dice-tu-pasaporte-antes-de-abrirlo/;/es/blog/el-significado-de-los-colores-que-dice-tu-pasaporte-antes-de-abrirlo/;301;Les entrades passen a penjar de /blog/;alta;lista;inventari
47;/es/has-perdido-tu-documentacion-en-el-extranjero/;/es/blog/has-perdido-tu-documentacion-en-el-extranjero/;301;Les entrades passen a penjar de /blog/;alta;lista;inventari
48;/es/home/;/es/;301;Slug renombrat o duplicat;alta;lista;inventari
49;/es/maleta-perdida-viaje-fin-curso/;/es/blog/maleta-perdida-viaje-fin-curso/;301;Entrada ES passa a /es/blog/;alta;lista;inventari
50;/es/personnel/marc-abella/;/es/quienes-somos/;301;Fitxes d'equip -> seccio dins Qui som;alta;lista;inventari
51;/es/por-que-cada-vez-mas-escuelas-confian-en-valua-travel-2/;/es/blog/por-que-cada-vez-mas-escuelas-confian-en-valua-travel-2/;301;Les entrades passen a penjar de /blog/;alta;lista;inventari
52;/es/services/;/es/servicios/;301;Slug renombrat o duplicat;alta;lista;inventari
53;/es/tag/antes-del-viaje/;/es/blog/;301;Arxiu automatic (categoria/etiqueta/autor/data/paginacio) -> llistat del blog (filtres per decidir);mitjana;lista;inventari
54;/es/tag/curiosidades/;/es/blog/;301;Arxiu automatic (categoria/etiqueta/autor/data/paginacio) -> llistat del blog (filtres per decidir);mitjana;lista;inventari
55;/es/tag/curiositats/;/es/blog/;301;Arxiu automatic (categoria/etiqueta/autor/data/paginacio) -> llistat del blog (filtres per decidir);mitjana;lista;inventari
56;/es/tag/durante-el-viaje-2/;/es/blog/;301;Arxiu automatic (categoria/etiqueta/autor/data/paginacio) -> llistat del blog (filtres per decidir);mitjana;lista;inventari
57;/es/tag/equipaje/;/es/blog/;301;Arxiu automatic (categoria/etiqueta/autor/data/paginacio) -> llistat del blog (filtres per decidir);mitjana;lista;inventari
58;/es/tour/bergueda-2-2/;/es/tour/bergueda/;301;Tour ES -> fitxa unica ES (amb selector de durada);mitjana;lista;inventari
59;/es/tour/bergueda-3-2/;/es/tour/bergueda/;301;Tour ES -> fitxa unica ES (amb selector de durada);mitjana;lista;inventari
60;/es/tour/bergueda-4-2/;/es/tour/bergueda/;301;Tour ES -> fitxa unica ES (amb selector de durada);mitjana;lista;inventari
61;/es/tour/bergueda-5/;/es/tour/bergueda/;301;Tour ES -> fitxa unica ES (amb selector de durada);mitjana;lista;inventari
62;/es/tour/cerdana-2/;/es/tour/cerdanya/;301;Tour ES -> fitxa unica ES (amb selector de durada);mitjana;lista;inventari
63;/es/tour/cerdana-3/;/es/tour/cerdanya/;301;Tour ES -> fitxa unica ES (amb selector de durada);mitjana;lista;inventari
64;/es/tour/cerdana/;/es/tour/cerdanya/;301;Tour ES -> fitxa unica ES (amb selector de durada);mitjana;lista;inventari
65;/es/tour/cerdanya-bergueda-2/;/es/tour/cerdanya-bergueda/;301;Tour ES -> fitxa unica ES (amb selector de durada);mitjana;lista;inventari
66;/es/tour/font-romeu-2/;/es/tour/font-romeu/;301;Tour ES -> fitxa unica ES (amb selector de durada);mitjana;lista;inventari
67;/es/tour/inglaterra-programa-junior-valencia-broadstairs-11-17-anos/;/es/tour/anglaterra-programa-junior-broadstairs/;301;Tour ES -> fitxa unica ES;baixa;REVISAR: el nom diu Valencia-Broadstairs, confirmar que es el mateix programa;inventari
68;/es/tour/masella-2/;/es/tour/masella/;301;Tour ES -> fitxa unica ES (amb selector de durada);mitjana;lista;inventari
69;/es/tour/puigcerda-2-2/;/es/tour/puigcerda/;301;Tour ES -> fitxa unica ES (amb selector de durada);mitjana;lista;inventari
70;/es/tour/puigcerda-3-2/;/es/tour/puigcerda/;301;Tour ES -> fitxa unica ES (amb selector de durada);mitjana;lista;inventari
71;/es/tour/puigcerda-4-2/;/es/tour/puigcerda/;301;Tour ES -> fitxa unica ES (amb selector de durada);mitjana;lista;inventari
72;/es/tour/puigcerda-esquiada-escolar-2/;/es/tour/puigcerda-esquiada-escolar/;301;Tour ES -> fitxa unica ES (amb selector de durada);mitjana;lista;inventari
73;/es/valua-attitude-bajo-la-lupa-de-ucla-anderson-quien-confirma-el-analisis-y-quien-nos-impulsa/;/es/blog/valua-attitude-bajo-la-lupa-de-ucla-anderson-quien-confirma-el-analisis-y-quien-nos-impulsa/;301;Les entrades passen a penjar de /blog/;alta;lista;inventari
74;/es/viajes-escolares-a-cataluna-por-que-no-podemos-dejar-que-desaparezcan/;/es/blog/viajes-escolares-a-cataluna-por-que-no-podemos-dejar-que-desaparezcan/;301;Les entrades passen a penjar de /blog/;alta;lista;inventari
75;/escoles-confien-en-valua-travel/;/blog/escoles-confien-en-valua-travel/;301;Les entrades passen a penjar de /blog/;alta;lista;inventari
76;/eta-regne-unit/;/blog/eta-regne-unit/;301;Les entrades passen a penjar de /blog/;alta;lista;inventari
77;/exit-sorteig-fi-de-curs/;/blog/exit-sorteig-fi-de-curs/;301;Les entrades passen a penjar de /blog/;alta;lista;inventari
78;/groups/contacte/;/contacte/;301;Slug renombrat o duplicat;alta;lista;inventari
79;/groups/setmana-blanca/;/setmana-blanca/;301;Slug renombrat o duplicat;alta;lista;inventari
80;/groups/setmana-blava/;/setmana-blava/;301;Slug renombrat o duplicat;alta;lista;inventari
81;/groups/setmana-verda/;/setmana-verda/;301;Slug renombrat o duplicat;alta;lista;inventari
82;/inteligencia-artificial-viatge-escolar/;/blog/inteligencia-artificial-viatge-escolar/;301;Les entrades passen a penjar de /blog/;alta;lista;inventari
83;/languages/avis_legal/;/avis-legal/;301;Slug renombrat o duplicat;alta;lista;inventari
84;/les-12-apps-que-tajudaran-a-recorrer-el-mon/;/blog/les-12-apps-que-tajudaran-a-recorrer-el-mon/;301;Les entrades passen a penjar de /blog/;alta;lista;inventari
85;/maleta-perduda-al-viatge-de-final-de-curs/;/blog/maleta-perduda-al-viatge-de-final-de-curs/;301;Les entrades passen a penjar de /blog/;alta;lista;inventari
86;/necessito-visat-per-viatjar/;/blog/necessito-visat-per-viatjar/;301;Les entrades passen a penjar de /blog/;alta;lista;inventari
87;/organitzar-el-viatge-escolar/;/blog/organitzar-el-viatge-escolar/;301;Les entrades passen a penjar de /blog/;alta;lista;inventari
88;/passaports-del-mon-a-la-teva-butxaca/;/blog/passaports-del-mon-a-la-teva-butxaca/;301;Les entrades passen a penjar de /blog/;alta;lista;inventari
89;/perdua-documentacio-estranger/;/blog/perdua-documentacio-estranger/;301;Les entrades passen a penjar de /blog/;alta;lista;inventari
90;/personnel/albert-pimas/;/qui-som/;301;Fitxes d'equip -> seccio dins Qui som;alta;lista;inventari
91;/personnel/arnau-garcia/;/qui-som/;301;Fitxes d'equip -> seccio dins Qui som;alta;lista;inventari
92;/personnel/beatriz-bosgos/;/qui-som/;301;Fitxes d'equip -> seccio dins Qui som;alta;lista;inventari
93;/personnel/cristina-sanchez/;/qui-som/;301;Fitxes d'equip -> seccio dins Qui som;alta;lista;inventari
94;/personnel/emliano-issaly/;/qui-som/;301;Fitxes d'equip -> seccio dins Qui som;alta;lista;inventari
95;/personnel/eva-navarro/;/qui-som/;301;Fitxes d'equip -> seccio dins Qui som;alta;lista;inventari
96;/personnel/francesc-palahi/;/qui-som/;301;Fitxes d'equip -> seccio dins Qui som;alta;lista;inventari
97;/personnel/goncal-portas/;/qui-som/;301;Fitxes d'equip -> seccio dins Qui som;alta;lista;inventari
98;/personnel/ivan-fernandez/;/qui-som/;301;Fitxes d'equip -> seccio dins Qui som;alta;lista;inventari
99;/personnel/lorena-font/;/qui-som/;301;Fitxes d'equip -> seccio dins Qui som;alta;lista;inventari
100;/personnel/marc-abella/;/qui-som/;301;Fitxes d'equip -> seccio dins Qui som;alta;lista;inventari
101;/personnel/maria-merce/;/qui-som/;301;Fitxes d'equip -> seccio dins Qui som;alta;lista;inventari
102;/personnel/mireia-fluvia/;/qui-som/;301;Fitxes d'equip -> seccio dins Qui som;alta;lista;inventari
103;/personnel/mireia-rivero/;/qui-som/;301;Fitxes d'equip -> seccio dins Qui som;alta;lista;inventari
104;/personnel/paola-baldino/;/qui-som/;301;Fitxes d'equip -> seccio dins Qui som;alta;lista;inventari
105;/personnel/pep-mas/;/qui-som/;301;Fitxes d'equip -> seccio dins Qui som;alta;lista;inventari
106;/personnel/sonia-estevez/;/qui-som/;301;Fitxes d'equip -> seccio dins Qui som;alta;lista;inventari
107;/personnel/vanessa-garcia/;/qui-som/;301;Fitxes d'equip -> seccio dins Qui som;alta;lista;inventari
108;/personnel/xavier-cata/;/qui-som/;301;Fitxes d'equip -> seccio dins Qui som;alta;lista;inventari
109;/politica-de-cookies-ue/;/politica-de-cookies/;301;Slug renombrat o duplicat;alta;lista;inventari
110;/quina-documentacio-necessito-per-viatjar/;/blog/quina-documentacio-necessito-per-viatjar/;301;Les entrades passen a penjar de /blog/;alta;lista;inventari
111;/search-tours/;/tours/;301;Slug renombrat o duplicat;alta;lista;inventari
112;/services/;/serveis/;301;Slug renombrat o duplicat;alta;lista;inventari
113;/services/avis_legal/;/avis-legal/;301;Slug renombrat o duplicat;alta;lista;inventari
114;/significat-colors-passaports/;/blog/significat-colors-passaports/;301;Les entrades passen a penjar de /blog/;alta;lista;inventari
115;/tag/abans-del-viatge/;/blog/;301;Arxiu automatic (categoria/etiqueta/autor/data/paginacio) -> llistat del blog (filtres per decidir);mitjana;lista;inventari
116;/tag/curiositats/;/blog/;301;Arxiu automatic (categoria/etiqueta/autor/data/paginacio) -> llistat del blog (filtres per decidir);mitjana;lista;inventari
117;/tag/documentacio/;/blog/;301;Arxiu automatic (categoria/etiqueta/autor/data/paginacio) -> llistat del blog (filtres per decidir);mitjana;lista;inventari
118;/tag/durant-el-viatge/;/blog/;301;Arxiu automatic (categoria/etiqueta/autor/data/paginacio) -> llistat del blog (filtres per decidir);mitjana;lista;inventari
119;/tag/equipatge/;/blog/;301;Arxiu automatic (categoria/etiqueta/autor/data/paginacio) -> llistat del blog (filtres per decidir);mitjana;lista;inventari
120;/tag/financament/;/blog/;301;Arxiu automatic (categoria/etiqueta/autor/data/paginacio) -> llistat del blog (filtres per decidir);mitjana;lista;inventari
121;/tag/sortides-escolars/;/blog/;301;Arxiu automatic (categoria/etiqueta/autor/data/paginacio) -> llistat del blog (filtres per decidir);mitjana;lista;inventari
122;/tag/transport-public/;/blog/;301;Arxiu automatic (categoria/etiqueta/autor/data/paginacio) -> llistat del blog (filtres per decidir);mitjana;lista;inventari
123;/tag/turisme-sostenible/;/blog/;301;Arxiu automatic (categoria/etiqueta/autor/data/paginacio) -> llistat del blog (filtres per decidir);mitjana;lista;inventari
124;/targeta-sanitaria-viatges-europa/;/blog/targeta-sanitaria-viatges-europa/;301;Les entrades passen a penjar de /blog/;alta;lista;inventari
125;/tour-category/valua-groups-ca/;/tours/;301;Arxiu de tour -> pagina del programa;mitjana;lista;inventari
126;/tour-category/valua-languages-ca/;/languages/;301;Arxiu de tour -> pagina del programa;mitjana;lista;inventari
127;/tour-tag/setmana-blanca-ca/;/setmana-blanca/;301;Arxiu de tour -> pagina del programa;mitjana;lista;inventari
128;/tour-tag/setmana-blava-ca/;/setmana-blava/;301;Arxiu de tour -> pagina del programa;mitjana;lista;inventari
129;/tour-tag/setmana-verda-ca/;/setmana-verda/;301;Arxiu de tour -> pagina del programa;mitjana;lista;inventari
130;/tour-tag/summer-camps-ca/;/summer-camps/;301;Arxiu de tour -> pagina del programa;mitjana;lista;inventari
131;/tour/aa-grecia-ok/;;410;Pagina de prova (no es migra);alta;lista;inventari
132;/tour/amsterdam5dies/;/tour/amsterdam/;301;Tour: una fitxa per desti amb selector de durada;alta;lista;inventari
133;/tour/andalusia-3/;/tour/andalusia/;301;Tour: una fitxa per desti amb selector de durada;alta;lista;inventari
134;/tour/andorra6d/;/tour/andorra/;301;Tour: una fitxa per desti amb selector de durada;alta;lista;inventari
135;/tour/asturies5d/;/tour/asturies/;301;Tour: una fitxa per desti amb selector de durada;alta;lista;inventari
136;/tour/bergueda-2/;/tour/bergueda/;301;Tour: una fitxa per desti amb selector de durada;alta;lista;inventari
137;/tour/bergueda-3/;/tour/bergueda/;301;Tour: una fitxa per desti amb selector de durada;alta;lista;inventari
138;/tour/bergueda-4/;/tour/bergueda/;301;Tour: una fitxa per desti amb selector de durada;alta;lista;inventari
139;/tour/berlin-4/;/tour/berlin/;301;Tour: una fitxa per desti amb selector de durada;alta;lista;inventari
140;/tour/bolonya-roma-2/;/tour/bolonya-roma/;301;Tour: una fitxa per desti amb selector de durada;alta;lista;inventari
141;/tour/brusselas5d/;/tour/brusselas/;301;Tour: una fitxa per desti amb selector de durada;alta;lista;inventari
142;/tour/canada-toronto-2/;/tour/canada-toronto/;301;Tour: una fitxa per desti amb selector de durada;alta;lista;inventari
143;/tour/cantabria-3/;/tour/cantabria/;301;Tour: una fitxa per desti amb selector de durada;alta;lista;inventari
144;/tour/cerdanya-2/;/tour/cerdanya/;301;Tour: una fitxa per desti amb selector de durada;alta;lista;inventari
145;/tour/cerdanya-3/;/tour/cerdanya/;301;Tour: una fitxa per desti amb selector de durada;alta;lista;inventari
146;/tour/copy-of-grecia-ok-2/;;410;Pagina de prova (no es migra);alta;lista;inventari
147;/tour/copy-of-grecia-ok/;;410;Pagina de prova (no es migra);alta;lista;inventari
148;/tour/dublin-9/;/tour/dublin/;301;Tour: una fitxa per desti amb selector de durada;alta;lista;inventari
149;/tour/dubrovnik5d/;/tour/dubrovnik/;301;Tour: una fitxa per desti amb selector de durada;alta;lista;inventari
150;/tour/edimburg-2/;/tour/edimburg/;301;Tour: una fitxa per desti amb selector de durada;alta;lista;inventari
151;/tour/euskadi-2/;/tour/euskadi/;301;Tour: una fitxa per desti amb selector de durada;alta;lista;inventari
152;/tour/florencia-roma-5/;/tour/florencia-roma/;301;Tour: una fitxa per desti amb selector de durada;alta;lista;inventari
153;/tour/florencia-venecia-2/;/tour/florencia-venecia/;301;Tour: una fitxa per desti amb selector de durada;alta;lista;inventari
154;/tour/lisboa-3/;/tour/lisboa/;301;Tour: una fitxa per desti amb selector de durada;alta;lista;inventari
155;/tour/londres-2/;/tour/londres/;301;Tour: una fitxa per desti amb selector de durada;alta;lista;inventari
156;/tour/madrid-11/;/tour/madrid/;301;Tour: una fitxa per desti amb selector de durada;alta;lista;inventari
157;/tour/malgrat-de-mar-2-2/;/tour/malgrat-de-mar/;301;Tour: una fitxa per desti amb selector de durada;alta;lista;inventari
158;/tour/malgrat-de-mar-2/;/tour/malgrat-de-mar/;301;Tour: una fitxa per desti amb selector de durada;alta;lista;inventari
159;/tour/malgrat-de-mar-3/;/tour/malgrat-de-mar/;301;Tour: una fitxa per desti amb selector de durada;alta;lista;inventari
160;/tour/malgrat-de-mar-4/;/tour/malgrat-de-mar/;301;Tour: una fitxa per desti amb selector de durada;alta;lista;inventari
161;/tour/mallorca-2/;/tour/mallorca/;301;Tour: una fitxa per desti amb selector de durada;alta;lista;inventari
162;/tour/masella-2/;/tour/masella/;301;Duplicat de /tour/masella/;mitjana;lista;inventari
163;/tour/menorca-12/;/tour/menorca/;301;Tour: una fitxa per desti amb selector de durada;alta;lista;inventari
164;/tour/menorca-9/;/tour/menorca/;301;Tour: una fitxa per desti amb selector de durada;alta;lista;inventari
165;/tour/napols-3/;/tour/napols/;301;Tour: una fitxa per desti amb selector de durada;alta;lista;inventari
166;/tour/paris-5/;/tour/paris/;301;Tour: una fitxa per desti amb selector de durada;alta;lista;inventari
167;/tour/praga-berlin-2/;/tour/praga-berlin/;301;Dues versions de Praga-Berlin: es fusionen a la fitxa unica;baixa;REVISAR: decidir quina versio del contingut es la vigent;inventari
168;/tour/puigcerda-2/;/tour/puigcerda/;301;Tour: una fitxa per desti amb selector de durada;alta;lista;inventari
169;/tour/puigcerda-3/;/tour/puigcerda/;301;Tour: una fitxa per desti amb selector de durada;alta;lista;inventari
170;/tour/puigcerda-4/;/tour/puigcerda/;301;Tour: una fitxa per desti amb selector de durada;alta;lista;inventari
171;/tour/roma-16/;/tour/roma/;301;Tour: una fitxa per desti amb selector de durada;alta;lista;inventari
172;/tour/roma-2/;/tour/roma/;301;Tour: una fitxa per desti amb selector de durada;alta;lista;inventari
173;/tour/roma-florencia-3/;/tour/roma-florencia/;301;Tour: una fitxa per desti amb selector de durada;alta;lista;inventari
174;/tour/selva-negra-baviera-3/;/tour/selva-negra-baviera/;301;Tour: una fitxa per desti amb selector de durada;alta;lista;inventari
175;/tour/sud-de-franca-7/;/tour/sud-de-franca/;301;Tour: una fitxa per desti amb selector de durada;alta;lista;inventari
176;/tour/sud-de-franca-9/;/tour/sud-de-franca/;301;Tour: una fitxa per desti amb selector de durada;alta;lista;inventari
177;/tour/toscana-13/;/tour/toscana/;301;Tour: una fitxa per desti amb selector de durada;alta;lista;inventari
178;/tour/valencia-4/;/tour/valencia/;301;Tour: una fitxa per desti amb selector de durada;alta;lista;inventari
179;/tour/vall-de-pineta-2/;/tour/vall-de-pineta/;301;Tour: una fitxa per desti amb selector de durada;alta;lista;inventari
180;/tour/venecia-3/;/tour/venecia/;301;Tour: una fitxa per desti amb selector de durada;alta;lista;inventari
181;/tour/venecia-florencia-11/;/tour/venecia-florencia/;301;Tour: una fitxa per desti amb selector de durada;alta;lista;inventari
182;/tour/venecia-florencia-roma-2/;/tour/venecia-florencia-roma/;301;Tour: una fitxa per desti amb selector de durada;alta;lista;inventari
183;/tour/viaje-en-grupo-a-eslovenia/;/tour/eslovenia/;301;Duplicat en castella de visita-en-grup-a-eslovenia (preus diferents);mitjana;REVISAR;inventari
184;/tour/visita-en-grup-a-eslovenia/;/tour/eslovenia/;301;Tour: una fitxa per desti amb selector de durada;alta;lista;inventari
185;/transport-public-a-berlin/;/blog/transport-public-a-berlin/;301;Les entrades passen a penjar de /blog/;alta;lista;inventari
186;/transport-public-a-dublin/;/blog/transport-public-a-dublin/;301;Les entrades passen a penjar de /blog/;alta;lista;inventari
187;/transport-public-a-lisboa/;/blog/transport-public-a-lisboa/;301;Les entrades passen a penjar de /blog/;alta;lista;inventari
188;/transport-public-a-praga/;/blog/transport-public-a-praga/;301;Les entrades passen a penjar de /blog/;alta;lista;inventari
189;/transport-public-roma/;/blog/transport-public-roma/;301;Les entrades passen a penjar de /blog/;alta;lista;inventari
190;/turisme-sostenible/;/blog/turisme-sostenible/;301;Les entrades passen a penjar de /blog/;alta;lista;inventari
191;/vacances-a-peu/;/blog/vacances-a-peu/;301;Les entrades passen a penjar de /blog/;alta;lista;inventari
192;/valua-attitude-sota-la-lupa-de-ucla-anderson-el-que-lanalisi-confirma-i-el-que-ens-impulsa/;/blog/valua-attitude-sota-la-lupa-de-ucla-anderson-el-que-lanalisi-confirma-i-el-que-ens-impulsa/;301;Les entrades passen a penjar de /blog/;alta;lista;inventari
193;/viatges-escolars-a-catalunya-per-que-no-podem-deixar-que-desapareguin/;/blog/viatges-escolars-a-catalunya-per-que-no-podem-deixar-que-desapareguin/;301;Les entrades passen a penjar de /blog/;alta;lista;inventari
194;/es/adrenalina-port-aventura-world-2/;/es/blog/;301;Regla antiga: la pagina de desti no existeix a la web nova (entrades ES nomes 6);baixa;REVISAR;plugin Redirection
195;/es/apps-de-transport-mou-te-per-europa/;/es/blog/;301;"Regla antiga amb 3 destins diferents; l'entrada ES no es migra";baixa;REVISAR;plugin Redirection
196;/es/avantatges-de-reservar-viatges-amb-antelacio-2/;/es/blog/;301;Regla antiga: la pagina de desti no existeix a la web nova (entrades ES nomes 6);baixa;REVISAR;plugin Redirection
197;/es/el-exito-del-sorteo-de-fin-de-curso/;/es/blog/;301;Regla antiga: la pagina de desti no existeix a la web nova (entrades ES nomes 6);baixa;REVISAR;plugin Redirection
198;/es/endolls-del-mon/;/es/blog/;301;Regla antiga: la pagina de desti no existeix a la web nova (entrades ES nomes 6);baixa;REVISAR;plugin Redirection
199;/es/equipatge-aerolinies/;/es/blog/;301;Regla antiga: la pagina de desti no existeix a la web nova (entrades ES nomes 6);baixa;REVISAR;plugin Redirection
200;/es/les-12-apps-que-tajudaran-a-recorrer-el-mon-2/;/es/blog/;301;Regla antiga: la pagina de desti no existeix a la web nova (entrades ES nomes 6);baixa;REVISAR;plugin Redirection
201;/es/moana-eco-surf-house-2/;/es/blog/;301;Regla antiga: la pagina de desti no existeix a la web nova (entrades ES nomes 6);baixa;REVISAR;plugin Redirection
202;/es/necessito-visat-per-viatjar/;/es/blog/;301;Regla antiga: la pagina de desti no existeix a la web nova (entrades ES nomes 6);baixa;REVISAR;plugin Redirection
203;/es/passaports-del-mon-a-la-teva-butxaca/;/es/blog/;301;Regla antiga: la pagina de desti no existeix a la web nova (entrades ES nomes 6);baixa;REVISAR;plugin Redirection
204;/es/proces_inscripcio_valua/;/es/blog/;301;Regla antiga: la pagina de desti no existeix a la web nova (entrades ES nomes 6);baixa;REVISAR;plugin Redirection
205;/es/que-documentacion-necesito-para-a-viajar/;/es/blog/;301;Regla antiga: la pagina de desti no existeix a la web nova (entrades ES nomes 6);baixa;REVISAR;plugin Redirection
206;/es/quina-documentacio-necessito-per-a-viatjar/;/es/blog/;301;Regla antiga: la pagina de desti no existeix a la web nova (entrades ES nomes 6);baixa;REVISAR;plugin Redirection
207;/es/targeta-sanitaria-viatges-europa/;/es/blog/;301;Regla antiga: la pagina de desti no existeix a la web nova (entrades ES nomes 6);baixa;REVISAR;plugin Redirection
208;/es/transporte-publico-en-londres/;/es/blog/;301;"Regla antiga en BUCLE (redirigeix a si mateixa) i a un altre desti; no hi ha entrada de Londres";baixa;REVISAR;plugin Redirection
209;/es/vacances-a-peu-2/;/es/blog/;301;Regla antiga: la pagina de desti no existeix a la web nova (entrades ES nomes 6);baixa;REVISAR;plugin Redirection
210;/instruccions-embarcament/;/blog/equipatge-aerolinies/;301;Regla antiga del plugin Redirection;alta;lista;plugin Redirection
211;/moana-eco-surf-house/;/blog/turisme-sostenible/;301;Regla antiga del plugin Redirection;alta;lista;plugin Redirection
212;/passaports-del-mon-a-la-teva-butxaca-2/;/blog/passaports-del-mon-a-la-teva-butxaca/;301;"Regla antiga amb 6 destins diferents (nomes s'aplicava la primera, erronia); es proposa l'entrada original";mitjana;REVISAR;plugin Redirection
213;/quina-documentacio-necessito-per-a-viatjar/;/blog/quina-documentacio-necessito-per-viatjar/;301;Regla antiga del plugin Redirection;alta;lista;plugin Redirection
